{"cameraMode":{"drawMode":0,"name":"Shaded","section":"Shading Mode"},"sceneLighting":false,"audioPlay":false,"sceneViewState":{"showFog":true,"showMaterialUpdate":false,"showSkybox":false,"showFlares":true,"showImageEffects":true,"showParticleSystems":true},"in2DMode":false,"pivot":{"x":-0.007962942123413086,"y":1.9800050258636475,"z":-1.163858413696289},"rotation":{"x":0.008397861383855343,"y":-0.7828813195228577,"z":0.010569597594439984,"w":0.622024655342102},"size":2.34370756149292,"orthographic":false}